{"07r9C5AvDiaYexoE":[[1.476728,43.659204],[1.477146,43.658903],[1.477253,43.658781],[1.477271,43.658749],[1.477254,43.658729],[1.477257,43.658684],[1.477277,43.658666],[1.477305,43.658655],[1.477368,43.658662],[1.477402,43.658696],[1.477404,43.658716],[1.477396,43.658735],[1.477379,43.658751],[1.477356,43.658761],[1.477378,43.658794],[1.477479,43.658847],[1.477795,43.659071],[1.477908,43.65916],[1.47801,43.659226],[1.478225,43.659381],[1.478763,43.659766],[1.478828,43.659815],[1.47834,43.660215],[1.478083,43.660416],[1.477895,43.660564],[1.477257,43.661041],[1.476952,43.661277],[1.477071,43.661364],[1.477382,43.66146],[1.478012,43.661601],[1.478413,43.661724],[1.478934,43.661869],[1.479014,43.661904],[1.479102,43.661956],[1.47914,43.66194],[1.479224,43.661945],[1.479258,43.661965],[1.479274,43.661985],[1.479281,43.662007],[1.479279,43.66203],[1.479378,43.662045],[1.479735,43.662144],[1.479869,43.662172],[1.480044,43.662149],[1.480119,43.66211],[1.480282,43.662002]],"lYQmMDr1oqNLElI4":[[1.481484,43.660546],[1.481163,43.660757],[1.48048,43.661186],[1.480954,43.661555],[1.480282,43.662002]],"ut81UEF7DzhOS9Ph":[[1.480141,43.659532],[1.480494,43.659727],[1.480727,43.659852],[1.481142,43.660073],[1.481277,43.660152],[1.481453,43.660232],[1.48162,43.660362],[1.481623,43.660386],[1.481632,43.660392],[1.481698,43.66043],[1.48164,43.660483],[1.481501,43.660535],[1.481163,43.660757],[1.48048,43.661186],[1.480954,43.661555],[1.480282,43.662002]],"Gz5xM346JBUKBsJS":[[1.480401,43.661923],[1.480282,43.662002]],"EdK1cu0SV0rPCP9J":[[1.480401,43.661923],[1.480282,43.662002]],"kfkiXVpVCPvsoX3p":[[1.480401,43.661923],[1.480282,43.662002]],"4ysbEJbQ2vdb6NCj":[[1.480401,43.661923],[1.480282,43.662002]],"Ns9D9lCuxk0up9la":[[1.480401,43.661923],[1.480282,43.662002]]}